actual,predicted
50.29686,78.464165
41.04379,66.89546
1.16133,15.311391
0.0,10.645164
1.16133,23.990728
0.0,8.695073
46.22103,72.7186
57.1606,45.725983
0.0,24.264328
0.0,9.238745
54.77191,37.911915
151.53373,99.383354
0.0,38.535435
116.64732,105.822685
35.08004,47.877525
0.0,40.698833
32.64759,67.70821
0.0,8.654944
0.0,15.569708
230.0797,155.96255
57.35677,57.605198
4.15932,11.840051
36.37406,62.132557
2.32267,27.102615
213.07045,162.7021
0.0,12.029884
1.25483,25.641912
0.0,7.2149158
211.52614,169.49887
0.0,8.090708
192.88768,163.22655
0.0,8.180826
0.0,8.495808
0.0,8.097725
0.0,7.714271
1.16133,12.814319
1.16133,24.133883
42.58517,73.97106
171.43686,176.02057
2.41616,20.65509
0.0,8.743594
213.85152,153.68773
102.16483,111.02825
168.86246,128.32387
176.18496,198.74983
0.0,8.699256
63.24911,63.4739
0.0,10.956825
186.45727,161.80219
0.0,4.783724
65.388,52.16046
1.16133,26.487793
0.0,7.3470078
0.0,12.794532
212.48122,152.50766
0.0,6.4209223
0.0,6.568925
203.50988,147.27287
2.50966,13.45416
0.0,10.624054
0.0,19.469038
0.0,14.27252
120.63686,151.90506
198.59059,152.70067
1.13853,12.078208
0.0,13.15672
2.32267,20.257765
1.25483,9.093217
36.00607,38.03621
193.58806,172.28406
87.92453,56.56648
0.0,11.393873
192.46795,147.53029
52.5589,82.92083
160.62031,122.41797
213.55407,164.14015
63.03795,46.18685
0.0,18.455336
74.93613,59.354073
64.63052,30.907043
136.85787,120.1188
2.32267,21.537193
0.0,2.2017992
10.82598,25.292618
35.04719,59.88698
200.60489,178.91748
0.0,10.02729
0.0,12.444628
57.81243,90.00465
0.0,11.103822
40.55429,47.408405
0.0,18.78773
74.50421,38.14331
0.0,14.272398
61.23633,44.7888
132.53257,126.949425
0.0,31.716658
197.84694,157.67738
31.86815,50.573532
28.26209,34.08322
43.0762,54.009224
0.0,12.155962
39.02934,27.307205
0.0,9.916835
0.0,13.351769
0.0,4.9653945
50.4275,28.34926
0.0,12.7832155
0.0,4.2310996
204.98347,158.375
50.96058,79.29505
0.0,18.67586
0.99933,17.155851
0.0,10.398129
65.79533,65.60583
2.41616,24.499838
0.0,15.037841
0.0,7.6440024
182.14342,138.7978
0.0,24.699867
175.89776,166.22751
61.4011,53.615036
0.0,12.479067
1.16133,21.33543
57.25622,48.726387
55.73006,48.65022
75.64352,35.354202
90.43482,75.37018
54.34965,30.174162
3.25348,28.476553
0.0,4.641336
1.16133,18.893354
0.0,9.844263
198.44242,168.46767
0.0,6.0390835
0.0,33.34074
217.86517,155.95308
200.79224,157.1485
0.0,16.950615
7.0615,10.634273
0.0,15.692205
104.55671,79.70668
17.82068,56.94266
0.0,0.24167421
201.35234,179.81761
0.0,25.224064
47.85803,40.586674
41.83997,53.050983
201.84999,183.51668
21.20988,56.033627
2.51327,19.27607
1.25483,14.749992
0.0,4.8815312
57.09865,87.95626
27.83446,51.415913
34.9074,48.835415
75.45793,52.00949
0.0,21.868027
0.0,16.650255
2.41616,17.380661
0.0,4.462118
57.75568,47.45543
0.0,4.7152114
42.18969,55.38933
1.35194,14.323807
105.39457,86.20773
215.02927,168.27542
4.95804,21.364416
206.76024,151.62222
4.29852,27.511267
148.66581,102.388275
49.90216,39.771503
0.99933,12.47488
0.0,10.473604
33.70472,48.70737
57.84958,46.125782
40.06497,66.46641
8.31632,17.58557
0.0,1.660604
198.05677,181.61626
3.8616,21.41546
196.34891,143.51927
3.70321,14.341869
0.0,17.862612
58.38556,41.73763
67.58974,86.055145
2.50966,22.644531
198.67412,117.8587
230.52522,146.25798
0.0,9.301965
44.10545,70.60192
3.484,17.255924
91.13932,44.585148
1.16133,27.636944
214.68396,133.50046
0.0,14.30268
0.0,12.073791
39.90695,60.835835
166.6568,154.26398
212.46821,185.63232
5.90016,25.303652
204.45323,154.00072
35.16091,34.04433
0.0,9.215043
2.32267,26.74362
34.20363,58.165173
2.41616,12.423802
199.3355,94.96368
0.0,6.7373824
43.91846,51.765057
204.96043,159.75253
0.0,7.274367
1.25483,24.083588
207.03108,163.25278
0.0,9.389022
0.0,21.397408
171.68173,159.8266
214.27523,151.85509
57.78079,59.785805
8.4348,11.831758
0.0,11.905572
68.25095,93.85792
200.92751,166.07622
1.25483,3.0045087
6.08715,15.671681
169.92255,152.51273
0.0,5.72938
0.0,8.17997
3.50898,21.274815
120.53186,78.61765
0.0,15.040815
215.41755,166.54619
1.16133,11.992343
0.0,3.3015988
202.96812,167.66302
217.97938,150.44969
0.0,13.078287
0.0,12.605969
36.85904,31.03617
9.38416,16.414486
72.85537,56.770493
0.0,14.238793
214.15165,156.16042
0.0,45.761776
29.27713,66.99542
0.0,7.3789616
35.21214,41.668636
3.484,10.714139
0.0,23.238194
208.17305,135.43973
0.0,17.83377
34.47555,56.97429
5.57615,12.573289
0.0,9.399912
0.0,13.266735
198.54256,166.58289
205.15556,158.97467
65.94268,74.67876
0.0,4.6438446
43.96973,68.86763
0.0,12.613844
185.91651,148.73837
0.0,21.393816
32.24058,38.597424
46.54138,63.474922
0.0,22.779589
196.49155,160.89595
153.64891,96.513
67.71546,49.500465
0.0,12.425755
215.93787,152.67908
12.15394,51.69508
0.0,6.3731866
65.12165,49.845425
31.56627,28.107977
85.16104,97.97633
193.04918,156.51782
1.35194,12.811103
197.99695,166.18413
222.82374,180.40343
1.99866,22.383406
0.0,6.58805
203.23763,185.82422
202.84447,153.31848
0.0,22.339361
210.70216,178.9218
36.14309,62.611652
0.0,13.386581
54.33403,36.37438
0.0,8.955853
35.27572,42.45153
0.0,11.511059
0.0,7.393577
145.79214,148.98076
0.0,14.270766
224.0425,148.09247
2.32267,19.694975
45.94363,53.515285
1.16133,15.138078
210.13506,135.57002
9.66826,12.694047
0.0,11.815002
44.73007,45.123108
0.0,29.289175
36.15296,32.555832
0.0,17.585335
1.16133,22.999416
201.53005,146.06712
0.0,8.000653
111.08643,107.52241
31.17636,36.994194
222.4656,137.90553
0.0,12.886179
2.32267,16.54386
38.83326,46.946285
206.19023,170.63261
2.16066,15.05267
80.10621,73.38448
170.8391,173.44008
60.81635,45.761593
2.32267,21.487228
55.04836,42.38206
0.0,12.9369
8.29713,14.051295
1.16133,27.65862
40.59085,36.780155
0.0,13.207157
50.01172,38.359188
3.70321,13.962321
214.16458,173.22581
210.24601,178.61708
60.33326,58.712772
0.0,19.307013
200.68309,170.48735
0.0,36.163193
201.60544,205.09839
43.74383,57.78536
0.0,10.879659
0.0,12.768202
43.04678,56.9217
45.91132,59.783195
190.02849,152.8998
200.9585,147.71945
0.0,20.015127
205.60574,150.19249
1.16133,28.012735
151.08043,111.13393
211.47481,135.83968
221.97231,172.65001
1.16133,20.368284
62.68385,68.07516
2.41616,10.19831
227.81758,128.13043
61.24923,51.01989
216.7685,133.29628
130.61329,86.97259
183.24493,185.40073
3.484,16.847986
111.55882,132.9302
0.0,24.637432
1.35194,16.703852
0.0,19.70095
0.0,15.190631
124.40056,129.21759
216.7847,112.572365
4.73883,13.897321
0.0,11.26511
0.0,8.917628
5.99366,5.4723716
197.88508,141.53856
199.59418,144.34566
0.0,18.216948
1.16133,14.072499
4.71602,22.717594
0.0,26.019512
0.0,21.90161
65.22948,50.488888
66.93196,65.34056
0.0,11.496422
5.90016,19.198025
96.06483,62.589375
0.0,12.280371
48.41219,47.12611
11.18438,34.091858
200.97716,163.87296
208.6964,153.06409
168.58677,192.15865
1.16133,16.802094
1.16133,18.055305
213.83464,117.74155
206.33382,148.99939
44.66862,47.955036
0.0,21.891815
0.0,11.895185
0.0,25.478067
0.0,14.142368
206.9399,173.21762
28.9309,34.26705
64.57535,62.65116
0.0,9.883648
137.65406,124.70946
194.98055,170.0744
0.0,2.0570703
206.03823,176.67314
228.32292,157.28844
0.0,17.726124
195.3814,156.57791
74.20963,65.190575
44.18377,50.639328
0.0,30.894104
178.94787,157.80994
43.13272,49.65224
3.484,12.680435
205.51781,170.99722
1.16133,15.926993
0.0,9.726861
2.32267,27.049385
51.14043,57.674393
66.11957,55.905975
55.13421,55.304585
197.23064,100.04646
0.0,15.231815
40.53944,70.78562
132.21001,102.998474
42.78867,42.705772
20.76789,30.524944
27.80586,56.62239
110.43247,137.27681
0.0,8.090769
87.18772,126.78952
179.45981,156.28535
0.0,24.661554
0.0,11.350649
199.01316,152.47919
194.94328,160.48232
0.0,8.743029
105.72418,106.01789
71.87886,61.42291
210.52287,159.71252
31.82932,61.996124
194.76691,147.31142
212.69345,145.37254
0.99933,20.687235
0.0,8.90999
82.17642,66.4489
2.70388,17.892323
3.3506,16.446823
43.9127,48.200577
13.61996,40.883713
33.43481,74.4442
59.64908,47.168545
50.54312,41.43742
69.79395,57.034206
78.48091,53.99997
190.03483,160.52165
0.0,4.5141997
0.0,11.413807
131.6013,114.01691
202.44159,141.0324
36.40926,60.903328
0.0,9.725245
49.47751,86.989494
0.0,15.593483
0.0,20.936451
0.0,7.352264
52.37041,46.824074
21.35609,30.793726
42.00691,62.395454
0.0,26.069477
203.15691,156.19044
0.0,21.249668
0.0,17.170444
59.49268,53.414207
136.85034,96.375854
0.0,11.18368
0.0,9.770118
205.47944,136.33882
4.73883,21.546389
0.0,2.3422422
88.82968,74.49999
0.0,11.124862
60.30773,69.75228
2.32267,22.035141
1.25483,21.577217
0.0,17.138832
3.484,16.487804
0.0,12.198348
202.33949,157.11292
0.0,9.440336
29.97195,57.3906
30.89372,58.41904
213.68725,153.0166
33.01252,76.673454
86.68091,98.866486
4.83232,14.597927
0.0,10.4755335
63.99104,64.463165
197.96618,150.45554
0.0,4.3672876
43.66649,70.267624
0.0,15.703332
200.79021,172.22987
0.0,10.659108
56.4489,52.561485
201.95697,180.96341
209.70265,152.3658
37.87524,26.112076
196.87539,169.1244
62.17149,42.43563
41.11742,54.57621
0.0,5.5571866
139.14805,159.17535
214.97221,154.73087
51.69315,40.926926
0.0,12.027002
204.19896,139.96205
0.0,9.729097
0.0,8.936473
183.95284,118.86673
177.24525,160.33696
0.0,8.93519
0.0,22.53648
36.06788,43.959656
68.13601,67.282326
51.58015,53.782593
1.16133,20.70854
0.0,14.038695
3.484,14.049844
178.09583,155.03484
111.92317,88.62007
0.0,15.561802
1.25483,17.044914
15.15092,12.384915
0.0,7.2800136
0.0,8.951714
0.0,13.70642
49.97344,31.451403
0.0,12.131857
63.54479,60.9813
213.89823,151.37744
0.0,6.1543217
75.7747,64.43654
14.5029,36.30778
205.52736,174.15042
0.0,12.212781
204.49844,161.02005
66.42067,48.687195
3.64818,12.4212675
162.96335,153.9702
196.20021,179.88107
44.73275,50.121063
0.0,15.39867
0.0,1.0897632
37.59848,50.724113
2.41616,14.775254
0.0,4.986339
0.0,11.85356
185.26277,174.68265
0.0,9.485302
37.76125,28.605993
1.25483,17.133293
43.01656,51.248474
2.32267,13.154591
0.0,13.006828
0.0,7.329475
0.0,8.846106
144.35245,87.3615
0.0,5.850905
210.23623,156.33173
142.91185,151.98846
217.9807,147.7125
0.0,16.073029
0.0,9.729915
126.70245,152.48888
48.05523,51.14176
100.05255,100.62598
0.0,13.234114
38.6099,40.61362
0.0,11.651895
210.55871,135.76003
1.25483,17.115086
1.16133,21.129597
66.63165,54.376465
57.7617,58.460575
204.72633,124.490326
59.13577,46.75781
41.49931,26.648811
211.87861,210.30382
199.26295,145.73447
112.86048,69.87321
0.0,11.365994
206.84496,156.5865
0.0,8.660311
18.55301,41.484238
0.0,10.998626
75.02636,53.451267
206.28925,113.94352
2.32267,22.324041
200.09837,154.21477
54.60818,74.50849
193.17032,170.6184
183.23085,144.10432
48.36188,52.65748
0.0,17.181982
206.41111,165.80927
0.0,3.7221515
0.0,9.424563
0.0,10.701795
1.25483,34.895508
57.7994,67.87657
32.2819,46.567036
0.0,6.440698
212.24576,137.76492
4.83594,18.229805
1.16133,23.021187
47.68285,60.358826
57.00009,69.27996
120.02856,99.67981
0.0,23.218958
0.0,15.204944
115.12934,93.70028
3.57749,18.34229
34.09435,36.088043
188.78602,156.33772
0.0,8.036806
5.99366,14.427217
0.0,8.636697
1.35194,22.150442
0.0,17.70077
0.0,12.285481
8.22283,41.145493
0.0,10.22848
208.2312,155.21649
49.50312,77.049225
8.5968,15.723028
195.72338,202.05103
67.21084,73.78937
203.49979,109.76069
78.43926,54.842358
0.0,9.620372
0.0,17.227427
98.35037,94.63818
0.0,14.772018
5.90016,11.866153
44.66446,39.28172
0.0,7.8248734
0.0,19.635319
6.27414,23.183475
0.0,8.450439
211.3591,167.57942
0.0,20.14689
0.0,11.933795
0.0,19.055338
31.29275,39.710392
0.0,8.541723
214.63164,166.12697
0.0,9.0840025
0.0,14.56953
2.25416,22.363264
221.08711,152.72108
6.08715,12.672056
0.0,12.7184515
14.05258,63.15525
214.39809,156.89705
0.0,11.908949
65.08783,44.16835
190.24869,164.45525
1.16133,15.396193
22.10269,67.026436
56.32622,30.108204
0.0,3.0891085
0.0,16.04942
0.0,7.0703487
202.81225,148.36293
0.0,5.872596
35.10245,52.98698
0.0,21.696726
213.56475,108.7922
108.18773,141.46758
204.24453,158.0581
1.16133,14.1467705
51.79569,41.854073
0.0,21.029154
0.0,6.303743
0.0,2.4655805
197.72697,176.2128
199.80582,132.1926
0.0,10.062752
69.22792,71.434685
193.39646,176.16537
73.49282,45.829445
212.97122,173.56772
0.0,18.98715
0.0,14.257804
30.69034,25.408503
1.99866,18.387928
0.0,35.269176
1.16133,26.55126
213.57661,153.61176
0.0,9.622057
2.32267,1.9213097
121.63605,156.70546
209.94209,155.63684
30.88525,51.680416
0.0,14.324538
205.34812,152.64487
168.39911,166.16182
43.07119,71.86241
0.0,15.539428
84.2515,41.55409
0.0,4.2193346
87.96464,52.86184
49.74785,37.864014
0.0,1.5235168
0.0,23.168129
0.0,13.048128
0.0,17.36449
0.0,6.6372714
43.32098,58.063465
51.21066,78.608894
208.725,168.26634
202.06201,142.61885
28.5762,52.616703
75.4764,53.956863
207.84741,168.20944
0.0,8.580815
62.98071,52.263027
194.18708,158.64957
0.0,7.857722
0.0,5.434591
0.0,9.678115
1.25483,21.149261
58.23401,40.103092
0.0,13.899235
41.46731,50.988483
5.80667,19.840328
0.0,23.895855
49.18689,75.337265
0.0,7.4475513
3.322,11.985056
3.484,17.058867
0.0,18.03375
48.38808,47.10664
1.16133,8.002448
2.16066,24.519747
37.185,46.97823
190.38744,171.38657
0.0,8.0829735
224.4396,137.51181
37.8533,31.747583
163.33062,119.356064
5.48845,13.727286
2.41616,10.830715
2.35127,21.270521
0.0,4.8389115
0.0,14.264708
3.57749,12.772369
49.53941,37.439526
0.0,-0.38204646
31.78593,30.499361
205.01052,188.02368
7.24848,22.192974
1.25483,14.039379
0.0,17.407719
0.0,12.080931
193.40008,165.75056
0.0,9.2589245
26.61596,46.351955
175.83905,168.38455
209.7909,169.8804
213.09556,151.78255
0.0,12.523063
0.0,20.231855
0.0,12.425369
0.0,10.050895
52.47336,39.86584
47.81057,58.25506
77.54602,105.69557
0.0,15.52241
1.25483,13.711616
0.0,8.065781
56.49271,53.49376
109.44454,85.50689
1.16133,19.426525
46.29266,40.50602
0.0,11.596727
1.25483,24.252464
0.0,14.94462
0.99933,27.932066
0.0,19.215174
30.0601,32.456924
0.0,11.803564
209.48028,164.54123
56.38699,89.279015
1.16133,26.346998
186.6354,166.7585
0.0,26.621689
4.83232,18.11336
2.32267,11.895891
195.33579,138.09578
2.99798,24.06992
0.0,10.883043
66.02014,87.464165
0.0,3.2280257
68.80829,47.186794
27.84446,36.170345
1.25483,16.296858
0.0,10.169052
15.97109,50.874897
48.17877,32.552513
0.0,13.386641
0.0,17.045727
0.0,9.5364
209.53372,155.08508
0.0,14.943473
0.0,14.068853
30.06363,75.93197
5.90016,14.5507555
0.0,10.356864
209.15822,114.39801
70.19449,59.075333
0.0,18.617983
183.88757,178.14653
0.0,4.5136824
2.50966,15.100166
0.0,3.2415032
0.0,2.2081752
0.0,8.878896
0.0,6.7420006
39.18795,90.5568
0.0,22.112991
0.0,22.213804
0.0,17.613888
204.94459,141.10567
0.0,11.313444
33.05713,52.18653
57.83587,46.17224
67.93715,59.844
0.0,14.1027155
83.0221,60.40251
0.0,22.872961
191.40387,178.80594
5.99366,6.4066925
81.68411,73.670944
42.03557,85.61284
0.0,13.628782
47.90464,60.523605
1.25483,16.640839
0.0,5.2600875
37.7446,38.064148
16.16754,54.439613
72.00774,36.722706
68.37558,65.17027
65.28225,92.31205
26.57094,42.32857
0.0,12.635444
2.41616,9.081682
0.0,17.245247
1.16133,20.056824
5.95736,11.912537
183.75561,162.42146
1.25483,13.003766
0.0,7.4245634
0.0,6.571275
1.16133,19.31275
209.83999,148.16214
0.0,24.355042
1.25483,14.3851185
0.0,7.208765
0.0,16.083881
192.65905,160.3735
0.0,15.252831
201.76274,176.71411
11.85984,55.362457
0.0,26.629286
224.03662,175.34048
0.0,14.0861435
215.43968,159.1107
0.0,7.1439385
1.25483,13.294331
0.0,16.614977
70.17367,75.71949
50.58228,25.092056
125.26866,134.25317
0.0,21.859446
49.26761,46.223892
3.484,14.735822
5.80667,11.313696
27.05506,47.61576
3.6061,13.060613
0.0,9.63027
2.41616,34.04771
221.81201,163.10924
0.0,15.833755
0.0,15.204919
95.84141,81.599625
187.70138,162.89056
59.0416,43.99918
0.0,9.730814
1.35194,6.3743877
203.13704,126.46907
47.04903,43.26175
0.0,8.82433
0.0,9.922895
203.64718,167.32083
222.3833,150.55342
1.16133,14.837213
213.59376,162.30763
192.11374,138.67616
0.0,25.230421
66.51987,49.223103
38.45083,50.875492
0.0,18.229193
220.52162,129.00543
0.0,10.704713
1.16133,14.295718
202.2641,170.56094
1.16133,9.227972
220.5953,162.31023
4.73883,18.04535
41.91111,70.82521
203.69089,139.78407
0.0,21.698776
133.07443,136.49524
2.32267,15.199954
141.09309,128.08765
204.32381,144.00832
46.34751,45.193882
226.45464,160.6795
0.0,9.285059
1.16133,16.95261
215.19029,142.97562
189.94598,158.77979
1.16133,29.057673
0.0,12.575158
221.47773,161.52121
181.38416,177.49461
45.61944,31.358862
0.0,18.06071
157.65508,143.32947
222.01199,140.72723
1.16133,12.289157
39.14818,59.549034
0.0,13.783576
156.49102,133.72577
188.42231,176.21411
0.0,7.7284493
33.0194,55.14677
1.25483,8.6512785
0.0,19.817762
0.0,12.833449
0.0,0.42237887
0.0,7.7975683
212.11674,169.69148
220.40097,149.36842
0.0,9.086056
0.0,12.298595
35.67115,44.556896
2.50966,31.15508
1.25483,32.753937
2.25416,17.699657
0.0,9.364737
0.0,15.898906
38.48712,67.069244
0.0,4.4508686
99.50218,108.79105
0.0,11.005371
54.31331,46.557835
194.14586,147.93304
32.08496,59.844162
7.15499,23.15293
183.15528,163.63199
198.64199,188.90569
0.0,10.673204
232.48984,144.52943
104.67309,90.7601
2.29986,9.369401
3.57749,18.002907
1.25483,17.640621
232.51902,140.04156
0.0,2.612387
72.17707,44.45329
53.80679,43.63548
7.17997,24.189272
187.50715,167.78288
65.17229,52.0738
2.16066,12.789779
33.92871,46.593136
0.0,12.11554
0.0,21.518265
53.07202,64.46936
0.0,3.2730296
2.41616,18.798693
40.60013,42.347378
200.54141,152.83957
8.40982,18.24769
36.99521,59.248783
0.0,16.5259
0.0,2.0874727
24.96929,33.784206
180.14906,156.71841
0.0,3.8666322
59.71813,70.498665
52.84801,39.5306
0.0,4.6430116
0.0,14.518448
0.0,6.404103
0.0,8.142906
0.0,8.437951
176.0073,162.31184
37.4691,39.393856
73.81764,51.673023
4.83232,14.577352
0.0,14.116806
6.21286,11.248732
90.19961,143.76797
0.0,10.952829
2.32267,17.289139
0.0,18.2615
0.0,3.9581473
1.16133,14.155068
0.0,7.201996
89.90333,140.28865
0.0,9.930717
90.04868,55.07342
37.52418,53.13905
0.0,8.4771
197.15831,173.59436
0.0,14.800321
0.0,16.764166
3.67099,15.23214
0.0,8.031842
35.85609,36.49837
0.0,3.5297704
0.0,11.458328
201.3975,180.18585
79.28495,74.96573
0.0,29.312561
203.5893,148.21153
1.25483,8.670706
0.0,4.5752335
0.0,11.686555
50.14667,38.91269
0.0,11.771797
224.60691,133.51958
201.85878,149.19478
194.41783,133.88225
121.38991,114.93202
196.86991,182.07549
0.0,19.142511
211.79588,162.22052
196.44947,181.87071
0.0,12.79994
47.63578,45.54632
42.09091,38.00731
0.0,11.376206
179.39614,160.82445
30.2699,54.32681
46.23768,41.97542
0.0,6.423299
61.73281,102.88812
188.75641,155.42885
0.0,5.6293197
205.77222,162.95914
0.0,8.464598
59.50395,39.79951
214.51888,147.90416
2.60677,8.706074
0.0,9.547338
45.48228,41.732113
1.16133,16.914618
0.0,38.75085
104.30174,106.25111
0.0,21.72803
202.76722,155.92123
124.23874,86.36696
198.87188,161.29707
52.64406,47.790417
1.16133,12.83025
0.0,23.448027
199.989,155.94098
0.0,12.892945
199.87315,178.40944
200.30861,137.58041
0.0,19.812973
30.57274,27.124094
0.0,3.3831427
0.0,20.302603
221.7531,159.37013
1.16133,16.934244
201.337,159.35754
0.0,17.897913
0.0,21.327608
0.0,7.609352
2.32267,23.144175
4.64533,8.11651
55.82826,30.75011
181.85099,163.77234
0.0,5.3992896
0.0,12.541541
0.0,17.446957
0.0,19.096851
41.9618,42.980522
186.92447,138.67128
0.0,19.277605
48.894,26.416943
1.35194,17.124846
0.0,15.41342
43.71886,27.498692
0.0,9.77263
0.0,11.765574
50.42891,54.87444
0.0,17.342709
44.07951,70.96913
0.0,29.0835
0.0,6.154028
38.40087,44.604393
0.0,16.79281
5.80667,21.06652
57.02072,49.17797
0.0,8.881578
217.59437,141.68622
165.06841,173.05238
28.17051,46.07731
48.1113,60.857693
0.0,16.630047
0.0,15.689765
121.50047,110.44532
0.0,10.469314
59.95937,59.445667
0.0,20.028498
44.46507,60.77117
34.16444,39.990242
190.54727,146.90771
0.0,20.00837
0.0,25.307821
0.0,11.636619
56.24667,54.491917
74.0797,40.17905
0.0,17.634283
1.16133,11.07062
0.0,12.594259
5.92876,23.14395
0.0,8.8250675
0.0,11.678646
45.29629,59.044903
0.0,11.987011
4.83232,12.1685915
41.82492,63.525036
1.16133,12.440874
0.0,17.521101
56.49692,42.36839
193.7077,169.64207
50.09277,51.067005
0.0,5.886026
165.73203,120.87134
0.0,15.089954
1.16133,21.878225
22.13491,56.347115
0.0,18.65153
58.25845,57.405277
0.0,1.0187535
185.1868,155.75027
0.0,24.340395
0.0,6.29771
0.0,9.054601
204.37336,155.92117
0.0,9.196687
53.04839,30.743286
236.1101,155.33206
3.484,26.28514
1.16133,12.666714
0.0,11.259637
60.04015,101.12402
183.10568,168.09804
182.36159,165.45305
0.0,10.538113
63.37214,30.277584
0.0,10.233423
76.74164,62.307243
202.66179,149.39517
3.484,6.5004435
211.20968,165.02452
45.27619,34.57796
0.0,7.693549
1.16133,17.006365
1.16133,17.451258
23.67384,57.15086
0.0,30.288654
68.97999,60.55457
209.25623,129.93922
206.93419,143.31279
0.0,2.5257468
32.68751,56.676697
0.0,20.279572
218.55546,132.25409
0.0,5.2555585
61.55139,92.65389
205.43373,150.52284
0.0,7.20516
4.83232,14.360399
61.11401,54.101917
209.97979,146.05005
134.9233,144.18085
122.75533,108.29282
0.0,8.721099
0.0,13.977346
114.24795,95.93957
207.24264,161.73576
46.04038,71.2806
42.64992,55.9889
0.0,4.886436
56.55018,51.36905
0.0,11.143696
0.0,8.936607
2.32267,28.222181
139.09551,104.1824
1.16133,25.525915
0.0,26.840889
1.16133,21.681494
0.0,11.216859
199.16747,148.29147
186.85034,164.13724
221.64978,172.03954
2.41616,17.558388
2.60677,17.6885
202.03119,159.228
1.16133,14.227501
68.38784,55.345192
204.66085,169.55238
197.00763,171.18478
200.09018,174.19763
71.32935,60.97466
143.75592,121.43357
62.52913,75.09582
205.60936,170.71574
1.16133,8.388592
0.0,8.404034
2.32267,18.614973
195.19201,173.21819
2.50966,9.568449
0.0,8.794017
29.0987,32.996765
201.39905,135.4944
0.0,9.084738
0.0,12.686189
39.59075,42.928913
68.39848,62.44064
0.0,13.62361
0.0,6.222314
1.16133,20.8086
2.35127,10.604777
60.64787,69.75446
0.0,15.789118
1.35194,18.59877
50.53597,87.701385
0.0,3.2594323
34.53144,43.84039
174.17342,160.59587
34.78477,56.5806
0.0,10.285007
181.37167,188.52803
32.75737,41.668686
0.0,17.010426
191.61607,155.82979
0.0,6.304821
0.0,10.324754
71.32663,57.66283
0.0,5.330942
6.28138,13.316459
62.35183,49.93699
2.41616,16.668823
186.52308,144.90584
156.60662,109.809425
1.16133,16.629925
0.0,20.13298
1.25483,12.408686
1.16133,25.140072
2.70388,9.388742
0.0,19.623735
209.71868,152.07695
0.0,13.513942
0.0,11.097657
0.0,11.066564
0.0,18.122717
203.62283,171.7496
71.27016,47.548656
0.0,7.738297
38.62714,70.053276
38.28017,25.736597
72.21373,84.644066
226.65326,161.59901
6.05448,23.846151
2.41616,17.455118
34.23069,59.60232
0.0,10.515139
5.90016,20.96766
26.41111,29.125355
36.88593,36.897915
176.93726,167.92207
0.0,7.952537
33.04229,45.779953
112.26912,62.973095
0.0,5.6629515
1.16133,18.364197
0.0,12.346369
47.35984,40.213943
1.16133,23.544006
0.0,12.189373
62.21023,58.415028
182.75846,187.98665
0.0,11.994948
212.12213,114.97531
0.0,28.61901
0.0,7.865211
46.70759,110.687904
70.7169,47.775322
2.32267,30.844553
2.32267,19.65984
74.43217,54.89529
1.25483,28.184097
0.0,8.0532055
138.67552,124.24211
203.39313,163.90854
36.82814,52.46186
25.10139,46.301
199.68724,151.78699
37.36302,56.81687
0.0,8.156824
0.0,10.584305
208.61232,165.34398
0.0,15.498377
0.0,12.633478
80.73641,47.08458
34.20928,60.626064
0.0,10.662629
3.3506,16.11172
201.28311,158.85876
52.67944,46.70817
0.0,6.8079624
16.72614,25.447006
1.35194,23.73431
0.0,3.5227144
4.73883,21.63763
211.79024,139.24883
2.41616,38.528503
189.92554,168.10942
0.0,7.726238
0.0,13.977105
1.35194,17.430498
105.70147,131.9321
0.0,6.7800813
212.34798,163.01663
0.0,13.808662
5.90016,22.38774
195.57432,151.36818
206.34482,103.548584
221.31364,132.6496
0.0,19.87754
1.25483,17.40066
1.99866,22.35374
0.0,8.479257
18.90771,24.318949
208.23596,143.46378
0.0,13.02964
0.0,9.194913
0.0,15.935715
1.16133,27.631392
4.73883,15.66273
201.64237,136.54018
0.0,2.3581023
85.85302,60.97688
94.80654,54.79302
43.25586,58.63499
0.0,23.13926
31.82308,45.265503
0.0,9.819226
52.48078,37.412525
2.16066,21.21426
2.41616,16.801022
0.0,10.537601
0.0,18.458185
127.50326,107.25393
141.12952,166.34827
205.62737,150.78525
39.882,35.889854
193.36564,153.91406
215.79709,167.57011
204.79072,178.24031
0.0,20.28003
0.0,9.232306
51.37692,43.169655
0.0,10.77498
40.32445,71.1278
60.8139,88.57154
70.28879,88.02901
74.67546,72.293015
67.89951,92.4545
1.16133,16.60215
204.54293,150.1103
109.23629,157.47557
204.62325,168.70277
1.25483,20.567505
74.31475,88.53463
1.25483,12.5276575
192.54466,153.41188
1.16133,27.856298
33.05569,44.011463
0.0,7.073225
0.0,11.440835
1.16133,14.9150095
192.36821,179.64067
0.0,7.8569922
0.0,12.486564
0.0,8.041338
0.0,11.498819
198.0075,151.96112
3.67099,37.866375
204.43934,160.75844
1.25483,7.0712166
185.44722,162.26823
209.40503,173.24796
190.16809,152.86472
60.93803,35.5275
0.0,6.572255
0.0,7.2623644
54.70837,68.074745
140.17788,82.02061
0.0,9.330327
99.76076,90.72891
36.34428,26.158987
62.36011,64.585594
60.03268,43.014317
0.0,8.837984
0.0,18.264318
196.49698,147.81166
31.56613,35.245182
0.0,12.330924
0.0,10.944665
0.0,20.651064
0.0,38.28851
185.6634,146.79198
0.0,21.205357
209.00331,166.65622
193.06091,142.5505
0.0,21.835165
1.16133,16.459606
0.0,13.929703
0.0,6.5523376
69.00337,59.14166
43.58349,55.517242
69.74919,94.27238
161.61722,173.24342
193.4122,145.25659
0.0,8.869218
0.0,23.659452
0.0,16.468857
140.75526,105.22348
31.62754,44.194412
213.79061,150.55225
185.10194,167.04387
61.2792,47.12948
38.11794,47.68817
5.90016,11.923617
194.94666,163.23053
10.82598,15.4765835
33.04523,40.10503
0.0,20.055344
0.0,28.458702
196.54296,171.60089
1.16133,15.03254
0.0,8.149508
108.33838,116.19457
50.41447,63.15597
195.65994,156.52032
0.0,35.22715
67.50034,55.34489
195.53603,152.37195
42.31807,35.471634
63.02958,37.459362
1.35194,29.066402
0.0,21.567736
0.0,8.258028
0.0,7.884002
157.0434,149.77707
0.0,11.7087555
1.25483,20.560566
0.0,24.393404
0.0,32.25004
45.05123,64.08803
129.23497,121.90717
206.65843,163.91785
2.32267,19.834854
1.25483,25.518927
217.25303,147.99028
0.0,9.53216
156.72555,139.35423
127.15016,120.25552
0.0,1.9648981
50.26943,39.77141
0.0,15.613063
102.05853,120.8519
0.0,10.664318
196.9863,171.12674
0.0,8.151027
206.1043,164.27794
58.21297,73.00764
0.0,8.824514
53.43622,49.54681
203.75515,167.65453
0.0,16.049435
1.25483,10.468368
0.0,12.191316
200.00837,140.29118
0.99933,17.00345
0.0,13.115467
56.63661,67.011635
206.76848,158.95265
63.5033,42.130623
0.0,11.307472
39.44856,30.831678
0.0,8.626155
1.25483,10.430095
0.0,8.848439
0.0,25.62846
45.69058,58.366688
186.68617,206.51515
51.87443,45.778755
0.0,16.56555
4.83232,13.462403
0.0,4.4743357
0.0,3.9533248
50.1768,54.68053
0.0,5.537941
215.41371,172.81471
198.7864,165.06964
0.0,3.996161
0.0,11.385212
0.0,15.223879
185.23643,150.201
0.0,15.246203
0.99933,8.672001
0.0,6.714919
219.41726,136.28964
0.0,9.923752
3.484,12.525659
213.99022,152.0369
0.0,7.7436953
51.8571,49.082256
1.16133,12.314588
43.71994,48.482525
228.59475,123.217766
83.04179,74.33987
0.0,5.75385
0.0,25.682022
1.16133,13.145514
9.57115,16.918316
61.51442,48.25601
156.43646,92.37846
1.16133,12.758905
0.0,8.144613
209.68306,161.77693
8.22283,16.389524
0.0,19.192772
68.48573,61.216
1.25483,18.001738
0.0,21.60286
0.0,5.75494
0.0,18.731974
0.0,15.167369
0.0,10.506156
209.88557,152.32602
0.0,9.07957
181.23279,169.17905
0.0,8.269388
0.0,7.3906965
24.96156,46.85925
0.0,6.8769565
1.16133,36.601364
178.92696,132.77617
30.27994,27.90503
208.73876,177.99234
0.0,12.103503
196.66466,130.76953
2.32267,12.7864685
0.0,8.299929
7.0615,11.870072
1.25483,8.885083
7.0615,9.8698435
26.43753,73.69601
230.145,161.3389
25.33978,64.36618
63.2173,48.97212
0.0,11.704843
201.19047,152.45049
201.50933,164.20355
0.0,9.895934
83.95934,59.33371
201.57938,158.68832
0.0,19.61875
18.44372,32.158817
5.90016,7.7099614
0.0,18.403797
113.60957,103.648766
0.0,20.508291
37.30443,26.647335
190.49008,146.8115
0.0,9.96295
61.25494,27.199043
195.04974,154.70674
0.0,14.58002
0.0,14.068952
210.6674,201.31592
0.0,16.948692
37.63178,35.113716
7.0615,17.638882
6.11937,25.630402
199.11168,144.74474
216.1455,171.12015
1.16133,9.274145
190.30801,195.5083
34.3249,35.22601
73.77663,99.15203
0.0,10.063818
0.99933,11.582729
0.0,13.003014
54.0941,35.31525
0.0,20.068975
0.0,10.35002
0.0,7.176238
37.89172,49.37852
53.22813,26.731506
0.0,6.49513
43.12508,56.041924
0.0,8.596192
0.0,14.411494
51.0057,37.006016
0.0,27.621267
0.0,16.94018
44.18654,48.414825
103.87274,91.432045
28.46185,44.036667
2.51327,24.254122
43.8828,56.16426
2.32267,35.73456
0.0,10.035091
5.01931,8.747854
197.27715,154.05461
206.95492,163.7473
74.3338,73.62479
2.32267,23.993374
192.78798,139.60307
0.0,7.837541
82.98409,56.40648
229.49376,158.78297
196.02943,208.36281
53.61125,63.190002
0.0,3.7771642
70.62511,96.371956
204.79041,157.8089
0.0,8.844004
4.73883,19.733692
9.29067,20.40861
210.20817,166.53075
31.01373,46.350155
60.14687,63.16116
31.18623,54.73268
0.0,11.902236
31.81453,59.654182
59.35294,57.402084
0.0,8.9850235
1.25483,13.905154
4.64533,17.7019
58.45349,93.451805
0.0,5.6418977
0.0,4.1237407
0.0,14.292734
204.30725,141.45738
172.29292,155.82388
0.0,16.253849
33.64548,46.030396
5.80667,14.919652
0.0,9.740223
0.0,9.255109
0.0,-1.6472003
202.39692,174.90738
148.78771,99.13576
0.0,12.302999
0.0,20.152985
0.0,9.05638
0.0,8.38431
0.0,4.844571
0.0,8.954541
42.25156,37.46346
2.32267,16.075039
206.38034,156.39122
0.0,15.461981
58.79645,49.898922
0.0,31.299368
52.70773,57.160957
0.0,6.3209233
2.32267,22.585682
0.0,5.750833
1.16133,26.17085
63.31242,47.686333
0.0,17.396618
0.0,13.590488
198.51333,133.9868
0.0,14.404963
1.25483,9.195777
0.0,12.747463
214.53891,196.77386
180.34845,142.9156
2.32267,19.195805
149.29587,147.12787
208.48937,149.86133
4.73883,15.313223
0.0,13.212494
207.06476,186.15596
230.45824,160.75925
5.95736,19.820267
190.17051,161.87633
1.16133,14.353544
60.53825,28.395082
31.48626,80.06941
0.0,23.360434
193.00677,159.41078
0.0,17.16382
193.57358,157.25005
48.65516,45.976536
1.16133,17.067003
58.7703,55.08492
1.35194,10.261183
218.36007,157.0995
52.46549,69.48975
0.0,10.418841
1.13853,36.316544
61.83457,57.53962
205.19059,173.03116
48.26901,36.734303
4.73883,20.33357
130.42716,125.63948
0.0,8.116268
0.0,10.277965
0.0,8.348343
44.6078,56.46283
48.41092,76.7513
36.22219,40.547726
0.0,6.962739
227.28296,177.09457
2.32267,10.5713625
0.0,12.57561
1.16133,22.419281
207.04058,189.13062
89.87575,66.68536
0.0,13.938878
0.0,7.6970963
51.12804,39.815514
217.81499,127.27554
0.0,5.5862236
4.64533,15.489213
198.07025,130.15594
42.17376,54.407578
178.84392,175.2706
0.0,15.943884
108.82295,93.7608
66.71324,41.39125
59.15885,52.299824
0.0,11.441549
55.68114,65.93421
104.14344,102.80805
0.0,16.11273
207.49357,159.13329
55.63171,40.241524
0.0,26.84895
197.3806,168.90445
5.80667,15.283437
61.50492,49.58119
0.0,13.10456
111.39682,168.28787
213.74513,153.4262
44.93761,54.905006
0.0,13.517549
55.68517,41.874603
213.18928,163.31456
199.23414,133.4122
54.95871,85.18208
40.1018,41.320133
196.03884,154.63016
4.64533,17.979174
55.99511,16.57167
71.34799,26.123104
181.91557,153.66681
58.14309,44.737553
94.18578,55.087788
107.58907,109.7683
2.32267,12.410358
192.07035,187.54048
200.04615,168.69324
2.25416,25.88812
41.27879,86.51656
36.63191,39.95383
18.32182,68.67145
207.34985,141.58311
3.57749,13.770453
0.0,9.829877
49.22974,38.825867
198.53955,161.10968
0.0,10.249436
220.2711,145.49109
56.02573,25.035301
210.6246,162.74962
25.72239,27.5501
3.484,13.356117
0.0,19.47551
46.46034,56.799965
188.28284,178.81287
0.0,11.941583
37.195,20.285196
193.63802,129.00221
20.64155,32.242332
196.89711,159.04716
64.49678,53.316544
0.0,17.515429
42.99814,37.125587
48.51665,51.61098
0.0,6.5628667
36.35053,51.318592
61.85762,82.5406
0.0,9.990726
1.25483,12.007821
0.0,16.02344
214.66183,155.35568
0.0,11.12878
0.0,15.009306
2.32267,12.108424
0.0,17.968912
57.05702,51.796055
0.0,22.68704
2.32267,11.03227
1.35194,13.28584
0.0,5.4334517
0.0,10.001407
52.31949,30.495264
0.0,10.419063
2.32267,9.139709
30.54558,52.7932
7.53258,18.001852
48.26887,53.48407
50.45302,54.787624
2.32267,17.755522
0.0,10.303733
1.35194,19.43846
2.32267,19.01758
0.0,11.790814
0.0,9.588154
0.0,15.438349
37.7699,59.326797
0.0,2.8882878
127.23356,87.19442
65.13195,43.055046
0.0,22.58988
0.0,-0.13381392
2.41616,10.032597
204.10121,163.77818
0.0,16.925272
45.29312,72.428185
184.64416,179.25475
32.26507,52.362335
57.78152,51.312695
1.35194,16.473492
50.84646,63.44359
1.25483,15.010167
0.0,34.54777
4.83232,5.9169407
0.0,-1.2794087
0.0,19.662321
3.95871,14.596136
94.36565,53.337456
0.0,19.79367
45.15017,58.081364
4.83594,26.718199
0.0,10.849815
0.0,6.1422973
0.0,3.1149623
0.0,13.241376
62.43704,34.09894
196.14242,183.95654
1.25483,12.663344
74.93318,76.228134
179.50575,146.88942
44.00376,45.30771
202.80348,175.16704
211.85711,177.75905
0.0,16.502792
176.52663,162.3885
0.0,7.1062264
0.0,20.331905
202.71315,171.40292
0.0,20.308361
191.22,149.2613
1.16133,16.620625
38.68434,60.216362
0.0,10.817983
213.54104,154.97884
124.21336,111.46907
198.29228,120.46974
0.0,12.317476
2.32267,29.242018
41.28942,44.766964
52.92955,27.820597
0.0,9.85622
47.83508,54.61586
0.0,9.994477
0.0,11.661284
177.75964,130.97417
0.0,22.360847
0.0,12.4206295
194.97702,181.2708
0.0,6.926018
185.11054,161.02779
209.25826,181.9398
0.99933,14.528869
209.90996,158.7084
204.23964,150.2625
0.0,30.575232
0.0,18.252157
3.8616,14.984121
56.82029,41.062458
190.29064,133.0385
207.53728,144.2704
0.0,12.839346
190.03831,152.70619
108.86726,90.73766
0.0,11.658583
0.0,12.706598
37.4014,24.686033
215.18514,122.83604
214.6149,167.48724
0.0,21.381836
0.0,23.013071
134.0953,133.48088
0.0,23.687033
61.42251,36.840374
10.60139,42.823887
0.0,10.659284
38.29574,34.514076
0.0,9.990346
198.47908,127.303734
52.96341,47.957092
81.95007,61.633553
0.0,3.973782
13.52217,48.21826
199.32502,144.23758
2.32267,27.96922
0.0,14.088626
0.0,12.840453
0.0,11.578039
48.52465,79.118675
90.19257,75.10274
205.39862,143.31906
215.04846,142.77896
0.0,4.2772474
45.40421,51.064205
0.0,9.642469
195.69645,162.8303
54.78969,66.95017
0.0,8.323702
50.40464,58.955563
0.0,6.283985
7.0615,18.406532
0.0,9.926105
1.35194,10.924434
0.0,36.47076
210.83078,175.84184
0.0,23.15274
66.5894,37.93923
209.93775,154.8958
93.80691,56.074524
2.99798,18.689419
2.32267,18.280487
172.43814,139.06259
0.0,11.8813505
7.3093,27.65829
0.0,28.729368
0.0,15.483989
34.27146,37.885994
0.0,27.279858
0.0,12.080877
1.25483,13.616808
61.27421,43.367672
220.23291,156.67732
182.50355,169.53467
0.0,9.537241
0.0,15.156245
1.25483,21.031958
115.29923,97.008835
108.73298,69.71253
149.7727,129.40591
106.00847,114.924805
179.52217,175.36922
209.07929,177.32655
0.0,21.599699
3.484,13.8611145
